current,voltage,power,energy,temperature
0.002155303955078125,7.780468750000001,0.01861572265625,0.0322265625,23.9140625
