current,voltage,power,energy,temperature
0.3878593444824219,7.876953125,3.05499267578125,3.23046875,25.015625
